GameName,OrderDate,ExpirationDate,Price
"Neon Abyss",2026-01-16,2026-03-23,7990
"Mystic Legends",2026-02-10,2026-02-24,2490
"Cyber Odyssey",2026-03-06,2026-04-11,7990
"Cyber Odyssey",2026-01-01,2026-03-04,7990
"Neon Abyss",2026-03-04,2026-05-19,990
"Neon Abyss",2026-02-23,2026-05-16,7990
"Crystal Conquest",2026-03-30,2026-05-27,9990
"StarForge",2026-01-05,2026-01-21,1490
"Mystic Legends",2026-03-08,2026-04-01,7990
"ShadowRealm Online",2026-03-06,2026-04-25,9990
"Neon Abyss",2026-04-03,2026-06-06,1990
"Neon Abyss",2026-03-23,2026-06-21,2490
"ShadowRealm Online",2026-01-04,2026-03-20,2490
"Cyber Odyssey",2026-02-12,2026-04-15,1990
"Ironclad Arena",2026-04-21,2026-05-21,1990
"Crystal Conquest",2026-03-03,2026-04-01,2990
"Ironclad Arena",2026-01-28,2026-04-07,2490
"Ironclad Arena",2026-03-16,2026-05-15,2990
"Neon Abyss",2026-01-21,2026-03-11,4990
"Crystal Conquest",2026-03-05,2026-03-25,7990
"Neon Abyss",2026-03-11,2026-04-19,4990
"Void Runners",2026-01-31,2026-02-25,990
"Dragon's Keep",2026-02-14,2026-04-03,7990
"Neon Abyss",2026-04-05,2026-05-22,990
"Dark Horizon",2026-04-21,2026-07-03,7990
"Mystic Legends",2026-03-29,2026-06-23,2990
"Dragon's Keep",2026-02-05,2026-05-04,9990
"Mystic Legends",2026-01-01,2026-03-18,990
"Dragon's Keep",2026-04-18,2026-06-14,9990
"Dragon's Keep",2026-02-12,2026-04-14,1490
"Mystic Legends",2026-01-08,2026-03-02,2490
"Dragon's Keep",2026-01-10,2026-03-23,1990
"Neon Abyss",2026-01-23,2026-02-11,2490
"Dragon's Keep",2026-01-22,2026-04-15,7990
"Neon Abyss",2026-03-27,2026-05-17,9990
"Dragon's Keep",2026-03-30,2026-04-14,4990
"Dark Horizon",2026-01-27,2026-02-25,7990
"Neon Abyss",2026-01-12,2026-03-03,1490
"Mystic Legends",2026-01-19,2026-02-04,7990
"Void Runners",2026-01-08,2026-02-20,4990
"Neon Abyss",2026-03-20,2026-06-07,990
"Mystic Legends",2026-04-11,2026-04-28,2990
"Void Runners",2026-01-28,2026-03-17,7990
"Mystic Legends",2026-03-09,2026-05-25,4990
"ShadowRealm Online",2026-04-07,2026-06-14,2990
"StarForge",2026-04-17,2026-06-04,1490
"Dragon's Keep",2026-03-21,2026-04-07,1490
"Void Runners",2026-02-20,2026-05-09,1490
"Crystal Conquest",2026-04-01,2026-06-06,7990
"Dark Horizon",2026-04-10,2026-06-25,1990
"Neon Abyss",2026-04-15,2026-05-24,7990
"StarForge",2026-03-08,2026-05-26,4990
"Void Runners",2026-02-16,2026-05-04,2490
"Void Runners",2026-03-19,2026-04-13,2990
"StarForge",2026-04-13,2026-06-07,4990
"Neon Abyss",2026-01-14,2026-04-02,4990
"StarForge",2026-01-10,2026-02-06,1490
"Cyber Odyssey",2026-03-04,2026-05-07,1990
"Mystic Legends",2026-01-14,2026-02-23,4990
"Crystal Conquest",2026-02-27,2026-05-03,2990
"Dark Horizon",2026-03-16,2026-05-16,1490
"Ironclad Arena",2026-01-30,2026-03-24,4990
"StarForge",2026-03-23,2026-06-17,1490
"Ironclad Arena",2026-03-01,2026-04-18,4990
"ShadowRealm Online",2026-04-01,2026-06-29,4990
"Ironclad Arena",2026-01-04,2026-03-02,4990
"Ironclad Arena",2026-01-12,2026-03-25,1990
"Dragon's Keep",2026-01-29,2026-03-01,2490
"Void Runners",2026-03-30,2026-05-27,1990
"Dragon's Keep",2026-02-07,2026-03-09,2990
"Dark Horizon",2026-03-18,2026-05-28,2490
"ShadowRealm Online",2026-04-06,2026-05-26,4990
"StarForge",2026-04-10,2026-05-02,1490
"Cyber Odyssey",2026-03-27,2026-06-21,9990
"Crystal Conquest",2026-04-21,2026-07-14,1490
"Crystal Conquest",2026-03-05,2026-03-22,2490
"Ironclad Arena",2026-01-02,2026-03-07,2990
"Ironclad Arena",2026-03-16,2026-05-25,9990
"Dragon's Keep",2026-01-06,2026-02-10,2990
"Mystic Legends",2026-03-06,2026-03-24,9990
"StarForge",2026-03-21,2026-05-12,7990
"Neon Abyss",2026-02-27,2026-05-09,2490
"Cyber Odyssey",2026-03-04,2026-05-11,4990
"StarForge",2026-02-02,2026-04-23,2990
"Crystal Conquest",2026-03-29,2026-04-25,1990
"ShadowRealm Online",2026-03-24,2026-06-06,9990
"Crystal Conquest",2026-02-16,2026-03-03,2990
"ShadowRealm Online",2026-04-14,2026-06-02,7990
"Mystic Legends",2026-03-03,2026-03-28,4990
"Crystal Conquest",2026-03-29,2026-06-14,990
"Ironclad Arena",2026-04-04,2026-06-08,4990
"Dragon's Keep",2026-01-16,2026-02-17,1990
"Dark Horizon",2026-04-15,2026-06-18,4990
"Void Runners",2026-04-20,2026-07-06,990
"ShadowRealm Online",2026-04-09,2026-06-12,1990
"ShadowRealm Online",2026-02-18,2026-04-05,1490
"ShadowRealm Online",2026-03-14,2026-05-06,2990
"Dark Horizon",2026-01-05,2026-02-12,2990
"StarForge",2026-04-13,2026-06-01,7990
"Neon Abyss",2026-04-07,2026-05-03,2490
